call_number,dispatch_date,dispatch_time,on_scene_date,on_scene_time,disposition
220170012,1/17/22,27:00.0,1/17/22,42:34.0,Patient Declined Transport
220170012,1/17/22,26:06.0,1/17/22,31:45.0,Patient Declined Transport
220170004,1/17/22,03:28.0,1/17/22,11:30.0,Code 2 Transport
220170001,1/17/22,01:40.0,1/17/22,04:54.0,Against Medical Advice
220173335,1/18/22,02:04.0,,,Fire
220172760,1/17/22,22:58.0,1/17/22,26:24.0,Fire
220171929,1/17/22,13:16.0,1/17/22,18:50.0,Fire
220171060,1/17/22,56:52.0,,,Code 2 Transport
220170404,1/17/22,50:21.0,1/17/22,56:05.0,Fire
220170214,1/17/22,52:19.0,,,Code 2 Transport
220170214,1/17/22,52:19.0,1/17/22,58:55.0,Code 2 Transport
220170210,1/17/22,46:23.0,1/17/22,46:58.0,Code 2 Transport
220170197,1/17/22,30:38.0,,,SFPD
220170197,1/17/22,30:38.0,,,SFPD
220170196,1/17/22,41:41.0,1/17/22,41:41.0,Fire
220170192,1/17/22,28:30.0,1/17/22,33:45.0,Fire
220170192,1/17/22,28:30.0,1/17/22,33:38.0,Fire
220170192,1/17/22,28:30.0,1/17/22,33:33.0,Fire
220172593,1/17/22,21:23.0,,,Fire
220173163,1/17/22,28:12.0,1/17/22,31:08.0,Fire
220172593,1/17/22,21:23.0,1/17/22,26:20.0,Fire
220173129,1/17/22,13:44.0,,,Code 2 Transport
220173175,1/17/22,35:48.0,1/17/22,39:31.0,Code 2 Transport
220172590,1/17/22,22:42.0,,,Fire
220172383,1/17/22,10:34.0,,,Fire
220171105,1/17/22,01:43.0,1/17/22,05:35.0,Fire
220170356,1/17/22,07:03.0,,,Fire
220172593,1/17/22,22:17.0,1/17/22,23:59.0,Fire
220171799,1/17/22,28:37.0,1/17/22,33:13.0,Fire
220171051,1/17/22,45:45.0,,,Fire
220170647,1/17/22,22:28.0,,,Fire
220171279,1/17/22,03:37.0,,,Unable to Locate
220170356,1/17/22,07:03.0,1/17/22,09:08.0,Fire
220170111,1/17/22,26:47.0,,,Fire
220172138,1/17/22,13:13.0,1/17/22,17:57.0,Fire
220170189,1/17/22,27:39.0,1/17/22,32:44.0,Fire
220171226,1/17/22,42:35.0,1/17/22,46:05.0,Fire
220172581,1/17/22,17:42.0,,,Code 2 Transport
220172581,1/17/22,15:34.0,,,Code 2 Transport
220172581,1/17/22,15:34.0,1/17/22,45:14.0,Code 2 Transport
220172577,1/17/22,16:42.0,1/17/22,18:33.0,Cancelled
220172576,1/17/22,14:56.0,,,No Merit
220172576,1/17/22,16:19.0,1/17/22,23:55.0,No Merit
220172571,1/17/22,11:49.0,1/17/22,18:48.0,Patient Declined Transport
220172553,1/17/22,06:48.0,,,Code 2 Transport
220172553,1/17/22,06:48.0,,,Code 2 Transport
220172553,1/17/22,06:48.0,,,Code 2 Transport
220172535,1/17/22,02:01.0,1/17/22,15:22.0,Patient Declined Transport
220172519,1/17/22,55:05.0,1/17/22,00:20.0,Code 2 Transport
220171868,1/17/22,53:50.0,1/17/22,57:56.0,Code 2 Transport
220171867,1/17/22,53:14.0,1/17/22,55:12.0,Code 2 Transport
220171867,1/17/22,53:14.0,1/17/22,58:14.0,Code 2 Transport
220171864,1/17/22,51:04.0,1/17/22,55:01.0,No Merit
220171864,1/17/22,51:04.0,,,No Merit
220171485,1/17/22,01:11.0,,,Cancelled
220171475,1/17/22,59:12.0,1/17/22,06:56.0,Code 2 Transport
220171459,1/17/22,53:01.0,1/17/22,55:52.0,Code 2 Transport
220171459,1/17/22,53:01.0,1/17/22,03:21.0,Code 2 Transport
220171446,1/17/22,55:40.0,1/17/22,14:25.0,Patient Declined Transport
220171446,1/17/22,51:01.0,,,Patient Declined Transport
220171446,1/17/22,22:34.0,1/17/22,23:24.0,Patient Declined Transport
220171424,1/17/22,51:50.0,1/17/22,56:12.0,No Merit
220171424,1/17/22,51:50.0,1/17/22,55:43.0,No Merit
220171424,1/17/22,45:23.0,1/17/22,55:17.0,No Merit
220171416,1/17/22,42:47.0,,,Other
220171416,1/17/22,42:47.0,,,Other
220171234,1/17/22,47:19.0,1/17/22,57:06.0,Fire
220171232,1/17/22,47:04.0,1/17/22,08:59.0,Code 2 Transport
220171214,1/17/22,39:08.0,1/17/22,40:26.0,Fire
220171148,1/17/22,16:48.0,1/17/22,19:42.0,Code 2 Transport
220171147,1/17/22,17:13.0,1/17/22,39:30.0,Code 2 Transport
220171141,1/17/22,14:45.0,1/17/22,17:57.0,Code 2 Transport
220171141,1/17/22,14:45.0,1/17/22,17:05.0,Code 2 Transport
220171140,1/17/22,04:44.0,1/17/22,11:52.0,Unable to Locate
220171134,1/17/22,23:41.0,,,Unable to Locate
220171113,1/17/22,07:24.0,1/17/22,37:05.0,Code 2 Transport
220171105,1/17/22,01:43.0,1/17/22,05:43.0,Fire
220170808,1/17/22,28:46.0,1/17/22,38:31.0,Unable to Locate
220170807,1/17/22,28:20.0,1/17/22,32:59.0,Code 2 Transport
220170791,1/17/22,20:02.0,,,Patient Declined Transport
220170791,1/17/22,20:02.0,1/17/22,22:31.0,Patient Declined Transport
220170727,1/17/22,58:03.0,,,Fire
220170727,1/17/22,58:03.0,,,Fire
220170727,1/17/22,58:03.0,1/17/22,02:20.0,Fire
220170579,1/17/22,51:34.0,1/17/22,59:59.0,Fire
220170579,1/17/22,51:34.0,,,Fire
220170579,1/17/22,51:34.0,1/17/22,55:20.0,Fire
220170491,1/17/22,08:33.0,1/17/22,12:15.0,No Merit
220170491,1/17/22,08:33.0,,,No Merit
220170491,1/17/22,08:33.0,,,No Merit
220170491,1/17/22,11:49.0,1/17/22,11:55.0,No Merit
220170491,1/17/22,08:33.0,,,No Merit
220170491,1/17/22,08:33.0,,,No Merit
220170491,1/17/22,08:33.0,1/17/22,11:27.0,No Merit
220170486,1/17/22,07:20.0,1/17/22,13:04.0,Code 2 Transport
220170486,1/17/22,07:20.0,1/17/22,13:47.0,Code 2 Transport
220170321,1/17/22,35:03.0,1/17/22,43:25.0,Code 3 Transport
220170321,1/17/22,35:03.0,1/17/22,38:35.0,Code 3 Transport
220170321,1/17/22,46:15.0,1/17/22,53:17.0,Code 3 Transport
220170313,1/17/22,31:20.0,1/17/22,35:37.0,Code 2 Transport
220170313,1/17/22,31:20.0,1/17/22,47:34.0,Code 2 Transport
220170312,1/17/22,30:55.0,1/17/22,34:50.0,Patient Declined Transport
220170250,1/17/22,30:45.0,1/17/22,35:02.0,Code 2 Transport
220170250,1/17/22,30:45.0,1/17/22,36:06.0,Code 2 Transport
220170096,1/17/22,18:50.0,1/17/22,24:42.0,Code 3 Transport
220170096,1/17/22,18:50.0,1/17/22,24:56.0,Code 3 Transport
220170096,1/17/22,18:50.0,1/17/22,28:02.0,Code 3 Transport
220170096,1/17/22,18:50.0,1/17/22,24:06.0,Code 3 Transport
220170096,1/17/22,18:50.0,,,Code 3 Transport
220170074,1/17/22,54:53.0,1/17/22,58:58.0,Fire
220172852,1/17/22,08:44.0,1/17/22,08:57.0,Patient Declined Transport
220172852,1/17/22,54:39.0,1/17/22,54:39.0,Patient Declined Transport
220172843,1/17/22,59:02.0,,,Code 2 Transport
220172843,1/17/22,59:02.0,,,Code 2 Transport
220172843,1/17/22,59:40.0,1/17/22,02:26.0,Code 2 Transport
220172608,1/17/22,25:12.0,1/17/22,30:36.0,Code 2 Transport
220172608,1/17/22,29:55.0,1/17/22,29:58.0,Code 2 Transport
220172608,1/17/22,25:12.0,1/17/22,31:14.0,Code 2 Transport
220172560,1/17/22,11:12.0,,,Fire
220172560,1/17/22,11:12.0,1/17/22,15:42.0,Fire
220172553,1/17/22,06:48.0,1/17/22,11:53.0,Code 2 Transport
220172553,1/17/22,21:57.0,1/17/22,30:48.0,Code 2 Transport
220172451,1/17/22,29:07.0,,,Cancelled
220172448,1/17/22,28:17.0,,,Cancelled
220172448,1/17/22,28:17.0,,,Cancelled
220172434,1/17/22,22:55.0,1/17/22,46:16.0,Patient Declined Transport
220172425,1/17/22,19:48.0,,,Other
220172425,1/17/22,19:48.0,1/17/22,23:22.0,Other
220172412,1/17/22,16:42.0,1/17/22,23:01.0,Fire
220172263,1/17/22,44:28.0,,,Cancelled
220172263,1/17/22,44:28.0,,,Cancelled
220172263,1/17/22,44:28.0,,,Cancelled
220171870,1/17/22,55:36.0,1/17/22,06:59.0,Code 2 Transport
220171870,1/17/22,55:36.0,1/17/22,00:31.0,Code 2 Transport
220171868,1/17/22,53:50.0,1/17/22,56:16.0,Code 2 Transport
220171844,1/17/22,46:34.0,1/17/22,03:05.0,Code 2 Transport
220171174,1/17/22,25:52.0,1/17/22,40:11.0,Code 2 Transport
220171166,1/17/22,33:27.0,1/17/22,36:18.0,Code 2 Transport
220171166,1/17/22,23:54.0,1/17/22,42:18.0,Code 2 Transport
220171166,1/17/22,31:10.0,,,Code 2 Transport
220171161,1/17/22,20:49.0,1/17/22,23:56.0,Fire
220171161,1/17/22,20:49.0,1/17/22,26:06.0,Fire
220171161,1/17/22,20:49.0,1/17/22,28:45.0,Fire
220171148,1/17/22,16:48.0,1/17/22,21:28.0,Code 2 Transport
220171105,1/17/22,01:43.0,,,Fire
220171021,1/17/22,37:26.0,1/17/22,42:39.0,Code 2 Transport
220171012,1/17/22,33:19.0,1/17/22,41:34.0,Fire
220170970,1/17/22,27:08.0,1/17/22,35:23.0,Patient Declined Transport
220170908,1/17/22,01:01.0,1/17/22,03:54.0,No Merit
220170908,1/17/22,01:01.0,1/17/22,04:20.0,No Merit
220170885,1/17/22,53:02.0,1/17/22,59:34.0,Code 2 Transport
220170885,1/17/22,53:02.0,1/17/22,57:17.0,Code 2 Transport
220170880,1/17/22,51:30.0,,,Fire
220170880,1/17/22,51:30.0,,,Fire
220170880,1/17/22,51:30.0,1/17/22,54:25.0,Fire
220170874,1/17/22,48:03.0,1/17/22,53:21.0,Code 2 Transport
220170263,1/17/22,49:54.0,1/17/22,04:30.0,Code 2 Transport
220170260,1/17/22,47:50.0,1/17/22,05:22.0,SFPD
220170260,1/17/22,52:11.0,,,SFPD
220173330,1/17/22,56:44.0,1/18/22,09:35.0,Unable to Locate
220173329,1/17/22,56:25.0,1/18/22,12:11.0,Code 2 Transport
220173322,1/17/22,52:48.0,1/18/22,00:09.0,Fire
220173322,1/17/22,52:48.0,1/18/22,00:40.0,Fire
220173322,1/17/22,52:48.0,1/17/22,58:30.0,Fire
220173312,1/17/22,48:15.0,1/18/22,02:26.0,Code 2 Transport
220173305,1/17/22,44:58.0,1/17/22,58:11.0,Patient Declined Transport
220173304,1/17/22,44:18.0,1/17/22,55:27.0,Patient Declined Transport
220173267,1/17/22,21:50.0,1/17/22,27:47.0,Code 2 Transport
220173267,1/17/22,21:50.0,1/17/22,27:01.0,Code 2 Transport
220173264,1/17/22,20:42.0,1/17/22,28:56.0,Patient Declined Transport
220173263,1/17/22,21:08.0,1/17/22,43:25.0,Code 2 Transport
220173260,1/17/22,19:44.0,1/17/22,30:54.0,Code 2 Transport
220173248,1/17/22,14:15.0,1/17/22,18:59.0,Fire
220173245,1/17/22,10:48.0,1/17/22,16:07.0,SFPD
220173233,1/17/22,05:01.0,1/17/22,15:44.0,Code 2 Transport
220173232,1/17/22,04:29.0,1/17/22,07:46.0,Fire
220173225,1/17/22,00:19.0,1/17/22,09:08.0,Code 2 Transport
220173225,1/17/22,00:19.0,1/17/22,05:56.0,Code 2 Transport
220173216,1/17/22,55:52.0,1/17/22,00:13.0,Fire
220173213,1/17/22,54:04.0,1/17/22,57:42.0,Code 2 Transport
220173213,1/17/22,54:04.0,1/17/22,59:16.0,Code 2 Transport
220173193,1/17/22,43:01.0,1/17/22,43:49.0,Fire
220173186,1/17/22,40:36.0,1/17/22,47:33.0,Patient Declined Transport
220173180,1/17/22,37:42.0,,,Fire
220173175,1/17/22,35:48.0,1/17/22,40:38.0,Code 2 Transport
220173163,1/17/22,28:12.0,1/17/22,33:01.0,Fire
220173163,1/17/22,28:12.0,1/17/22,31:06.0,Fire
220173154,1/17/22,27:40.0,1/17/22,39:41.0,Unable to Locate
220173138,1/17/22,19:21.0,1/17/22,29:15.0,Code 2 Transport
220173137,1/17/22,18:53.0,1/17/22,32:37.0,Code 2 Transport
220173132,1/17/22,15:49.0,1/17/22,22:13.0,Fire
220173132,1/17/22,15:49.0,1/17/22,19:21.0,Fire
220173132,1/17/22,15:49.0,,,Fire
220173129,1/17/22,14:29.0,,,Code 2 Transport
220173129,1/17/22,14:35.0,1/17/22,15:33.0,Code 2 Transport
220173129,1/17/22,13:44.0,1/17/22,24:50.0,Code 2 Transport
220173121,1/17/22,10:57.0,1/17/22,33:14.0,Fire
220173116,1/17/22,08:42.0,,,SFPD
220173104,1/17/22,03:55.0,1/17/22,11:52.0,Code 2 Transport
220173104,1/17/22,03:19.0,1/17/22,06:42.0,Code 2 Transport
220173104,1/17/22,03:19.0,1/17/22,09:30.0,Code 2 Transport
220173102,1/17/22,01:06.0,1/17/22,05:11.0,Code 2 Transport
220173102,1/17/22,01:06.0,1/17/22,07:40.0,Code 2 Transport
220173080,1/17/22,49:29.0,1/17/22,00:50.0,Code 2 Transport
220173079,1/17/22,48:36.0,1/17/22,56:23.0,Patient Declined Transport
220173076,1/17/22,47:48.0,1/17/22,51:05.0,Patient Declined Transport
220173076,1/17/22,47:48.0,1/17/22,48:35.0,Patient Declined Transport
220173047,1/17/22,36:09.0,1/17/22,39:33.0,Code 2 Transport
220173047,1/17/22,36:09.0,1/17/22,41:16.0,Code 2 Transport
220173046,1/17/22,35:24.0,1/17/22,37:53.0,Code 2 Transport
220173046,1/17/22,39:20.0,1/17/22,39:20.0,Code 2 Transport
220173046,1/17/22,35:24.0,,,Code 2 Transport
220173046,1/17/22,35:24.0,,,Code 2 Transport
220173043,1/17/22,34:40.0,1/17/22,43:01.0,Code 2 Transport
220173043,1/17/22,34:40.0,1/17/22,37:09.0,Code 2 Transport
220173043,1/17/22,34:40.0,,,Code 2 Transport
220173036,1/17/22,31:19.0,1/17/22,35:46.0,Code 2 Transport
220173036,1/17/22,31:19.0,1/17/22,34:25.0,Code 2 Transport
220173027,1/17/22,26:58.0,1/17/22,46:08.0,Code 2 Transport
220173023,1/17/22,26:38.0,,,Cancelled
220173023,1/17/22,28:39.0,,,Cancelled
220173016,1/17/22,21:52.0,1/17/22,25:24.0,Code 2 Transport
220173016,1/17/22,21:23.0,1/17/22,25:24.0,Code 2 Transport
220173016,1/17/22,21:23.0,1/17/22,23:52.0,Code 2 Transport
220173001,1/17/22,14:24.0,1/17/22,18:43.0,Fire
220172991,1/17/22,11:56.0,1/17/22,15:35.0,Code 2 Transport
220172991,1/17/22,11:56.0,1/17/22,15:10.0,Code 2 Transport
220172987,1/17/22,10:12.0,1/17/22,16:51.0,Code 2 Transport
220172987,1/17/22,14:06.0,1/17/22,17:46.0,Code 2 Transport
220172962,1/17/22,58:49.0,,,Other
220172960,1/17/22,56:59.0,1/17/22,01:44.0,Code 2 Transport
220172960,1/17/22,56:59.0,1/17/22,01:11.0,Code 2 Transport
220172939,1/17/22,50:03.0,1/17/22,54:43.0,Code 2 Transport
220172939,1/17/22,50:03.0,1/17/22,55:26.0,Code 2 Transport
220172924,1/17/22,43:03.0,1/17/22,51:15.0,Fire
220172919,1/17/22,41:12.0,1/17/22,44:11.0,Fire
220172916,1/17/22,40:32.0,1/17/22,47:50.0,No Merit
220172916,1/17/22,40:32.0,1/17/22,43:25.0,No Merit
220172909,1/17/22,36:03.0,1/17/22,49:17.0,Code 2 Transport
220172887,1/17/22,27:58.0,1/17/22,30:45.0,Fire
220172887,1/17/22,27:58.0,1/17/22,32:23.0,Fire
220172887,1/17/22,27:58.0,,,Fire
220172874,1/17/22,18:17.0,1/17/22,20:29.0,Code 2 Transport
220172874,1/17/22,18:17.0,1/17/22,21:09.0,Code 2 Transport
220172869,1/17/22,16:09.0,1/17/22,18:27.0,Code 2 Transport
220172869,1/17/22,16:41.0,1/17/22,23:01.0,Code 2 Transport
220172869,1/17/22,16:09.0,1/17/22,21:46.0,Code 2 Transport
220172856,1/17/22,04:03.0,,,Cancelled
220172853,1/17/22,02:45.0,1/17/22,05:39.0,Against Medical Advice
220172853,1/17/22,02:45.0,1/17/22,13:02.0,Against Medical Advice
220172853,1/17/22,02:45.0,1/17/22,06:16.0,Against Medical Advice
220172843,1/17/22,12:13.0,1/17/22,12:13.0,Code 2 Transport
220172835,1/17/22,53:36.0,1/17/22,04:24.0,Unable to Locate
220172831,1/17/22,51:00.0,1/17/22,56:08.0,Fire
220172819,1/17/22,48:14.0,1/17/22,50:35.0,Fire
220172803,1/17/22,41:15.0,,,Code 2 Transport
220172803,1/17/22,41:15.0,1/17/22,47:48.0,Code 2 Transport
220172799,1/17/22,36:57.0,1/17/22,41:31.0,Fire
220172799,1/17/22,36:57.0,1/17/22,41:09.0,Fire
220172792,1/17/22,33:47.0,1/17/22,41:18.0,Fire
220172784,1/17/22,31:32.0,1/17/22,40:07.0,Code 2 Transport
220172784,1/17/22,31:32.0,1/17/22,34:24.0,Code 2 Transport
220172761,1/17/22,23:44.0,1/17/22,46:46.0,Code 2 Transport
220172760,1/17/22,22:58.0,1/17/22,25:51.0,Fire
220172760,1/17/22,22:58.0,1/17/22,27:31.0,Fire
220172757,1/17/22,21:35.0,1/17/22,28:50.0,Fire
220172757,1/17/22,21:35.0,1/17/22,25:58.0,Fire
220172753,1/17/22,21:11.0,1/17/22,26:04.0,Code 2 Transport
220172753,1/17/22,21:11.0,1/17/22,36:55.0,Code 2 Transport
220172747,1/17/22,21:45.0,,,Medical Examiner
220172747,1/17/22,19:35.0,,,Medical Examiner
220172747,1/17/22,19:35.0,1/17/22,24:37.0,Medical Examiner
220172747,1/17/22,19:35.0,,,Medical Examiner
220172746,1/17/22,20:29.0,1/17/22,32:50.0,Code 2 Transport
220172730,1/17/22,13:14.0,1/17/22,29:49.0,Code 2 Transport
220172726,1/17/22,10:39.0,1/17/22,14:12.0,No Merit
220172726,1/17/22,10:39.0,1/17/22,16:37.0,No Merit
220172703,1/17/22,58:36.0,1/17/22,02:27.0,Code 2 Transport
220172703,1/17/22,58:36.0,1/17/22,04:14.0,Code 2 Transport
220172702,1/17/22,59:14.0,,,Patient Declined Transport
220172702,1/17/22,59:14.0,1/17/22,04:30.0,Patient Declined Transport
220172702,1/17/22,59:52.0,,,Patient Declined Transport
220172679,1/17/22,51:22.0,1/17/22,02:24.0,Fire
220172677,1/17/22,50:52.0,,,Cancelled
220172659,1/17/22,46:17.0,1/17/22,09:00.0,Code 2 Transport
220172657,1/17/22,45:42.0,1/17/22,49:03.0,Unable to Locate
220172657,1/17/22,45:42.0,,,Unable to Locate
220172657,1/17/22,45:42.0,1/17/22,51:01.0,Unable to Locate
220172647,1/17/22,42:24.0,1/17/22,46:26.0,Fire
220172642,1/17/22,39:49.0,1/17/22,43:08.0,Fire
220172642,1/17/22,39:11.0,,,Fire
220172642,1/17/22,39:11.0,,,Fire
220172642,1/17/22,39:11.0,1/17/22,42:43.0,Fire
220172632,1/17/22,34:35.0,,,Fire
220172632,1/17/22,34:35.0,1/17/22,39:07.0,Fire
220172632,1/17/22,34:35.0,,,Fire
220172621,1/17/22,32:19.0,1/17/22,35:33.0,Code 3 Transport
220172621,1/17/22,32:19.0,1/17/22,36:39.0,Code 3 Transport
220172621,1/17/22,32:19.0,1/17/22,36:33.0,Code 3 Transport
220172593,1/17/22,21:23.0,1/17/22,23:35.0,Fire
220172590,1/17/22,22:42.0,1/17/22,26:02.0,Fire
220172590,1/17/22,22:42.0,1/17/22,26:07.0,Fire
220172590,1/17/22,22:42.0,,,Fire
220172584,1/17/22,19:42.0,1/17/22,26:07.0,Patient Declined Transport
220172584,1/17/22,17:49.0,,,Patient Declined Transport
220172581,1/17/22,16:49.0,,,Code 2 Transport
220172571,1/17/22,12:22.0,,,Patient Declined Transport
220172571,1/17/22,11:49.0,1/17/22,14:47.0,Patient Declined Transport
220172569,1/17/22,14:20.0,1/17/22,20:12.0,Code 3 Transport
220172567,1/17/22,13:51.0,1/17/22,25:05.0,Code 2 Transport
220172565,1/17/22,13:03.0,1/17/22,14:11.0,Patient Declined Transport
220172565,1/17/22,13:03.0,,,Patient Declined Transport
220172565,1/17/22,13:03.0,1/17/22,15:26.0,Patient Declined Transport
220172562,1/17/22,09:55.0,1/17/22,14:21.0,Cancelled
220172562,1/17/22,09:55.0,1/17/22,13:46.0,Cancelled
220172562,1/17/22,09:55.0,1/17/22,15:26.0,Cancelled
220172560,1/17/22,11:12.0,,,Fire
220172553,1/17/22,06:48.0,,,Code 2 Transport
220172553,1/17/22,06:48.0,,,Code 2 Transport
220172553,1/17/22,06:48.0,1/17/22,10:08.0,Code 2 Transport
220172553,1/17/22,06:48.0,1/17/22,11:02.0,Code 2 Transport
220172553,1/17/22,06:48.0,1/17/22,09:20.0,Code 2 Transport
220172553,1/17/22,06:48.0,,,Code 2 Transport
220172519,1/17/22,55:05.0,1/17/22,58:07.0,Code 2 Transport
220172512,1/17/22,52:06.0,,,Unable to Locate
220172477,1/17/22,42:31.0,1/17/22,56:36.0,Unable to Locate
220172473,1/17/22,36:34.0,,,Fire
220172451,1/17/22,29:07.0,1/17/22,33:31.0,Cancelled
220172409,1/17/22,15:11.0,1/17/22,21:25.0,Fire
220172404,1/17/22,14:23.0,1/17/22,25:04.0,Code 2 Transport
220172402,1/17/22,13:42.0,1/17/22,19:12.0,Fire
220172402,1/17/22,13:42.0,1/17/22,18:07.0,Fire
220172402,1/17/22,13:42.0,1/17/22,18:25.0,Fire
220172400,1/17/22,14:06.0,1/17/22,18:09.0,Unable to Locate
220172383,1/17/22,10:34.0,1/17/22,13:05.0,Fire
220172383,1/17/22,10:34.0,1/17/22,14:59.0,Fire
220172381,1/17/22,10:06.0,1/17/22,14:58.0,Fire
220172369,1/17/22,06:25.0,1/17/22,16:13.0,Fire
220172361,1/17/22,04:56.0,1/17/22,09:50.0,Fire
220172357,1/17/22,05:34.0,1/17/22,16:22.0,Code 2 Transport
220172353,1/17/22,04:00.0,1/17/22,09:48.0,Code 2 Transport
220172353,1/17/22,04:00.0,1/17/22,14:53.0,Code 2 Transport
220172349,1/17/22,02:16.0,1/17/22,29:43.0,Code 2 Transport
220172333,1/17/22,59:06.0,1/17/22,09:21.0,Code 2 Transport
220172332,1/17/22,59:32.0,1/17/22,11:14.0,Code 2 Transport
220172329,1/17/22,57:54.0,1/17/22,01:38.0,Code 2 Transport
220172329,1/17/22,57:54.0,1/17/22,02:59.0,Code 2 Transport
220172329,1/17/22,57:54.0,1/17/22,34:35.0,Code 2 Transport
220172315,1/17/22,54:30.0,1/17/22,02:39.0,Code 2 Transport
220172315,1/17/22,54:30.0,1/17/22,03:00.0,Code 2 Transport
220172303,1/17/22,50:47.0,1/17/22,00:35.0,Code 2 Transport
220172291,1/17/22,48:41.0,1/17/22,52:15.0,No Merit
220172291,1/17/22,48:41.0,,,No Merit
220172263,1/17/22,44:28.0,,,Cancelled
220172263,1/17/22,44:28.0,,,Cancelled
220172263,1/17/22,47:30.0,,,Cancelled
220172263,1/17/22,44:28.0,,,Cancelled
220172263,1/17/22,44:28.0,,,Cancelled
220172263,1/17/22,44:28.0,,,Cancelled
220172263,1/17/22,44:28.0,,,Cancelled
220172263,1/17/22,44:28.0,,,Cancelled
220172260,1/17/22,46:02.0,1/17/22,02:01.0,Code 2 Transport
220172243,1/17/22,37:47.0,1/17/22,43:08.0,Fire
220172242,1/17/22,37:16.0,,,Fire
220172223,1/17/22,31:51.0,1/17/22,35:50.0,No Merit
220172223,1/17/22,31:51.0,1/17/22,40:45.0,No Merit
220172212,1/17/22,29:55.0,1/17/22,32:40.0,Fire
220172212,1/17/22,29:55.0,1/17/22,33:56.0,Fire
220172212,1/17/22,29:55.0,,,Fire
220172209,1/17/22,30:56.0,1/17/22,38:50.0,Patient Declined Transport
220172208,1/17/22,30:31.0,1/17/22,39:02.0,Code 2 Transport
220172173,1/17/22,39:16.0,1/17/22,13:35.0,Patient Declined Transport
220172162,1/17/22,19:19.0,1/17/22,24:58.0,Code 3 Transport
220172162,1/17/22,19:19.0,1/17/22,24:19.0,Code 3 Transport
220172140,1/17/22,25:57.0,1/17/22,33:54.0,Code 2 Transport
220172140,1/17/22,13:46.0,1/17/22,20:44.0,Code 2 Transport
220172121,1/17/22,09:11.0,,,Fire
220172104,1/17/22,04:49.0,1/17/22,14:34.0,No Merit
220172104,1/17/22,10:48.0,1/17/22,10:48.0,No Merit
220172095,1/17/22,02:01.0,1/17/22,15:09.0,Patient Declined Transport
220172088,1/17/22,00:30.0,1/17/22,05:37.0,Code 2 Transport
220172088,1/17/22,00:30.0,1/17/22,04:26.0,Code 2 Transport
220172068,1/17/22,57:37.0,1/17/22,03:15.0,Fire
220172053,1/17/22,52:27.0,1/17/22,56:23.0,Code 2 Transport
220172053,1/17/22,52:27.0,1/17/22,56:54.0,Code 2 Transport
220172034,1/17/22,47:20.0,1/17/22,51:06.0,Code 3 Transport
220172034,1/17/22,47:20.0,1/17/22,50:28.0,Code 3 Transport
220172034,1/17/22,47:20.0,,,Code 3 Transport
220172034,1/17/22,47:20.0,1/17/22,50:08.0,Code 3 Transport
220172034,1/17/22,47:20.0,,,Code 3 Transport
220172009,1/17/22,39:04.0,1/17/22,41:42.0,Code 2 Transport
220172009,1/17/22,46:36.0,1/17/22,53:42.0,Code 2 Transport
220172009,1/17/22,39:04.0,1/17/22,41:34.0,Code 2 Transport
220172005,1/17/22,38:08.0,1/17/22,57:00.0,Code 2 Transport
220171990,1/17/22,33:32.0,1/17/22,49:55.0,Code 2 Transport
220171987,1/17/22,32:30.0,1/17/22,37:12.0,Code 2 Transport
220171987,1/17/22,32:30.0,1/17/22,38:07.0,Code 2 Transport
220171982,1/17/22,32:00.0,1/17/22,35:11.0,Code 2 Transport
220171982,1/17/22,30:21.0,1/17/22,34:52.0,Code 2 Transport
220171982,1/17/22,30:21.0,1/17/22,34:54.0,Code 2 Transport
220171948,1/17/22,17:42.0,1/17/22,24:56.0,Code 2 Transport
220171948,1/17/22,17:42.0,,,Code 2 Transport
220171948,1/17/22,17:42.0,1/17/22,23:44.0,Code 2 Transport
220171929,1/17/22,13:16.0,1/17/22,15:13.0,Fire
220171929,1/17/22,13:16.0,1/17/22,17:11.0,Fire
220171921,1/17/22,10:43.0,1/17/22,14:13.0,Code 2 Transport
220171921,1/17/22,10:43.0,1/17/22,14:21.0,Code 2 Transport
220171904,1/17/22,24:37.0,1/17/22,37:09.0,Patient Declined Transport
220171904,1/17/22,09:23.0,1/17/22,42:04.0,Patient Declined Transport
220171898,1/17/22,04:17.0,1/17/22,21:42.0,Unable to Locate
220171884,1/17/22,02:01.0,1/17/22,10:07.0,Other
220171839,1/17/22,42:42.0,1/17/22,46:03.0,No Merit
220171839,1/17/22,42:42.0,,,No Merit
220171830,1/17/22,41:15.0,,,No Merit
220171830,1/17/22,42:07.0,1/17/22,45:28.0,No Merit
220171824,1/17/22,44:05.0,,,Unable to Locate
220171824,1/17/22,44:23.0,1/17/22,54:32.0,Unable to Locate
220171813,1/17/22,34:10.0,1/17/22,49:39.0,Code 2 Transport
220171807,1/17/22,32:19.0,1/17/22,36:28.0,Code 2 Transport
220171807,1/17/22,32:19.0,1/17/22,36:40.0,Code 2 Transport
220171807,1/17/22,32:19.0,1/17/22,37:34.0,Code 2 Transport
220171804,1/17/22,48:41.0,1/17/22,29:38.0,Unable to Locate
220171799,1/17/22,28:37.0,1/17/22,32:30.0,Fire
220171799,1/17/22,28:37.0,,,Fire
220171792,1/17/22,25:52.0,1/17/22,31:56.0,Code 2 Transport
220171792,1/17/22,25:52.0,,,Code 2 Transport
220171792,1/17/22,25:52.0,1/17/22,29:28.0,Code 2 Transport
220171775,1/17/22,23:11.0,,,Patient Declined Transport
220171775,1/17/22,23:11.0,1/17/22,36:37.0,Patient Declined Transport
220171770,1/17/22,20:56.0,,,Fire
220171770,1/17/22,20:56.0,1/17/22,27:54.0,Fire
220171770,1/17/22,20:56.0,1/17/22,25:29.0,Fire
220171763,1/17/22,25:34.0,1/17/22,47:19.0,Gone on Arrival
220171748,1/17/22,13:53.0,1/17/22,29:10.0,Unable to Locate
220171748,1/17/22,13:53.0,1/17/22,19:28.0,Unable to Locate
220171727,1/17/22,10:00.0,1/17/22,21:47.0,Unable to Locate
220171710,1/17/22,04:09.0,1/17/22,06:28.0,Code 2 Transport
220171710,1/17/22,04:09.0,1/17/22,08:16.0,Code 2 Transport
220171689,1/17/22,58:13.0,1/17/22,17:24.0,Code 2 Transport
220171680,1/17/22,56:24.0,,,Code 2 Transport
220171680,1/17/22,55:19.0,1/17/22,06:57.0,Code 2 Transport
220171680,1/17/22,55:19.0,1/17/22,59:21.0,Code 2 Transport
220171668,1/17/22,52:05.0,1/17/22,55:41.0,Code 2 Transport
220171668,1/17/22,54:13.0,1/17/22,56:16.0,Code 2 Transport
220171668,1/17/22,52:05.0,,,Code 2 Transport
220171664,1/17/22,51:10.0,1/17/22,58:05.0,Code 2 Transport
220171664,1/17/22,51:10.0,1/17/22,54:20.0,Code 2 Transport
220171662,1/17/22,50:21.0,1/17/22,52:40.0,Code 2 Transport
220171662,1/17/22,50:21.0,1/17/22,53:30.0,Code 2 Transport
220171649,1/17/22,49:14.0,1/17/22,14:04.0,Patient Declined Transport
220171638,1/17/22,44:31.0,1/17/22,49:32.0,Code 2 Transport
220171638,1/17/22,44:31.0,1/17/22,47:55.0,Code 2 Transport
220171627,1/17/22,47:35.0,1/17/22,52:05.0,Code 2 Transport
220171627,1/17/22,46:04.0,1/17/22,55:50.0,Code 2 Transport
220171611,1/17/22,37:47.0,1/17/22,44:35.0,Code 2 Transport
220171565,1/17/22,24:28.0,1/17/22,31:53.0,Code 2 Transport
220171562,1/17/22,32:31.0,,,Unable to Locate
220171556,1/17/22,45:29.0,,,Cancelled
220171555,1/17/22,21:21.0,1/17/22,24:03.0,Code 2 Transport
220171555,1/17/22,21:21.0,1/17/22,25:22.0,Code 2 Transport
220171547,1/17/22,20:29.0,1/17/22,23:45.0,No Merit
220171547,1/17/22,20:29.0,1/17/22,24:52.0,No Merit
220171547,1/17/22,20:29.0,,,No Merit
220171547,1/17/22,21:43.0,,,No Merit
220171544,1/17/22,18:41.0,1/17/22,37:07.0,No Merit
220171528,1/17/22,15:35.0,1/17/22,22:59.0,Code 2 Transport
220171528,1/17/22,15:35.0,1/17/22,20:59.0,Code 2 Transport
220171511,1/17/22,11:04.0,1/17/22,14:04.0,Code 3 Transport
220171511,1/17/22,08:16.0,1/17/22,33:50.0,Code 3 Transport
220171493,1/17/22,09:40.0,1/17/22,13:42.0,Code 2 Transport
220171493,1/17/22,04:30.0,1/17/22,20:10.0,Code 2 Transport
220171491,1/17/22,03:49.0,1/17/22,48:35.0,Unable to Locate
220171408,1/17/22,39:11.0,1/17/22,46:17.0,Patient Declined Transport
220171408,1/17/22,47:19.0,1/17/22,56:05.0,Patient Declined Transport
220171408,1/17/22,44:23.0,1/17/22,45:09.0,Patient Declined Transport
220171405,1/17/22,38:10.0,1/17/22,49:44.0,Code 2 Transport
220171401,1/17/22,35:18.0,1/17/22,51:56.0,Code 2 Transport
220171401,1/17/22,35:18.0,1/17/22,41:36.0,Code 2 Transport
220171376,1/17/22,30:15.0,1/17/22,57:09.0,Patient Declined Transport
220171359,1/17/22,42:13.0,1/17/22,52:10.0,Code 2 Transport
220171359,1/17/22,26:20.0,,,Code 2 Transport
220171359,1/17/22,28:56.0,1/17/22,42:36.0,Code 2 Transport
220171354,1/17/22,22:02.0,1/17/22,46:00.0,Code 2 Transport
220171352,1/17/22,21:32.0,1/17/22,43:48.0,Code 2 Transport
220171345,1/17/22,19:45.0,1/17/22,20:24.0,Patient Declined Transport
220171335,1/17/22,17:53.0,1/17/22,20:26.0,Fire
220171326,1/17/22,12:55.0,1/17/22,17:07.0,No Merit
220171326,1/17/22,12:55.0,1/17/22,14:26.0,No Merit
220171318,1/17/22,10:05.0,1/17/22,26:01.0,Code 2 Transport
220171293,1/17/22,01:57.0,1/17/22,01:57.0,Other
220171290,1/17/22,01:50.0,1/17/22,04:35.0,Code 2 Transport
220171290,1/17/22,01:50.0,1/17/22,08:12.0,Code 2 Transport
220171281,1/17/22,59:22.0,1/17/22,06:27.0,Code 2 Transport
220171281,1/17/22,59:22.0,1/17/22,02:32.0,Code 2 Transport
220171274,1/17/22,57:30.0,1/17/22,03:46.0,Code 2 Transport
220171270,1/17/22,55:36.0,1/17/22,58:01.0,Code 2 Transport
220171251,1/17/22,51:18.0,,,Code 2 Transport
220171251,1/17/22,56:46.0,1/17/22,07:13.0,Code 2 Transport
220171250,1/17/22,50:48.0,1/17/22,57:11.0,Code 2 Transport
220171247,1/17/22,51:55.0,1/17/22,55:50.0,Code 2 Transport
220171247,1/17/22,50:10.0,1/17/22,54:36.0,Code 2 Transport
220171247,1/17/22,50:10.0,,,Code 2 Transport
220171226,1/17/22,42:35.0,1/17/22,47:57.0,Fire
220171226,1/17/22,42:35.0,1/17/22,46:02.0,Fire
220171221,1/17/22,41:30.0,1/17/22,53:35.0,Code 2 Transport
220171219,1/17/22,40:40.0,1/17/22,55:52.0,Code 2 Transport
220171214,1/17/22,39:08.0,,,Fire
220171214,1/17/22,39:08.0,,,Fire
220171207,1/17/22,37:39.0,1/17/22,43:16.0,Code 2 Transport
220171207,1/17/22,37:39.0,1/17/22,43:58.0,Code 2 Transport
220171202,1/17/22,35:22.0,1/17/22,41:11.0,Fire
220171202,1/17/22,35:22.0,1/17/22,39:01.0,Fire
220171202,1/17/22,35:22.0,1/17/22,44:00.0,Fire
220171199,1/17/22,34:45.0,1/17/22,43:14.0,Code 2 Transport
220171174,1/17/22,25:52.0,1/17/22,32:11.0,Code 2 Transport
220171174,1/17/22,25:52.0,1/17/22,26:50.0,Code 2 Transport
220171174,1/17/22,26:46.0,1/17/22,07:28.0,Code 2 Transport
220171132,1/17/22,53:26.0,1/17/22,08:01.0,Unable to Locate
220171115,1/17/22,08:48.0,1/17/22,23:48.0,Patient Declined Transport
220171110,1/17/22,05:37.0,,,Code 3 Transport
220171110,1/17/22,05:37.0,1/17/22,18:35.0,Code 3 Transport
220171099,1/17/22,00:03.0,1/17/22,07:18.0,Code 2 Transport
220171099,1/17/22,00:03.0,1/17/22,06:15.0,Code 2 Transport
220171095,1/17/22,58:59.0,1/17/22,14:36.0,Code 2 Transport
220171085,1/17/22,47:54.0,,,Gone on Arrival
220171079,1/17/22,54:53.0,1/17/22,59:16.0,Other
220171061,1/17/22,52:30.0,1/17/22,02:50.0,Patient Declined Transport
220171060,1/17/22,59:01.0,1/17/22,03:42.0,Code 2 Transport
220171060,1/17/22,00:04.0,,,Code 2 Transport
220171060,1/17/22,04:33.0,1/17/22,04:33.0,Code 2 Transport
220171060,1/17/22,48:39.0,1/17/22,56:33.0,Code 2 Transport
220171052,1/17/22,46:15.0,1/17/22,54:48.0,No Merit
220171051,1/17/22,45:45.0,1/17/22,49:56.0,Fire
220171051,1/17/22,45:45.0,1/17/22,49:37.0,Fire
220171021,1/17/22,37:26.0,1/17/22,42:53.0,Code 2 Transport
220170968,1/17/22,21:37.0,1/17/22,35:44.0,Code 2 Transport
220170965,1/17/22,20:54.0,1/17/22,24:35.0,Fire
220170963,1/17/22,20:12.0,,,Fire
220170963,1/17/22,20:12.0,1/17/22,25:47.0,Fire
220170963,1/17/22,20:12.0,1/17/22,23:05.0,Fire
220170961,1/17/22,18:50.0,1/17/22,29:06.0,Fire
220170961,1/17/22,18:50.0,1/17/22,21:51.0,Fire
220170961,1/17/22,18:50.0,1/17/22,22:37.0,Fire
220170956,1/17/22,16:01.0,1/17/22,19:01.0,Fire
220170955,1/17/22,39:39.0,1/17/22,44:30.0,Patient Declined Transport
220170955,1/17/22,37:01.0,,,Patient Declined Transport
220170955,1/17/22,15:24.0,1/17/22,24:34.0,Patient Declined Transport
220170955,1/17/22,15:24.0,1/17/22,20:11.0,Patient Declined Transport
220170955,1/17/22,17:05.0,1/17/22,47:52.0,Patient Declined Transport
220170948,1/17/22,14:15.0,1/17/22,18:18.0,Fire
220170942,1/17/22,12:50.0,1/17/22,17:32.0,Code 2 Transport
220170942,1/17/22,12:50.0,1/17/22,27:47.0,Code 2 Transport
220170926,1/17/22,06:54.0,1/17/22,15:56.0,Patient Declined Transport
220170923,1/17/22,10:37.0,1/17/22,13:34.0,Code 2 Transport
220170923,1/17/22,06:20.0,1/17/22,15:15.0,Code 2 Transport
220170874,1/17/22,48:03.0,1/17/22,50:45.0,Code 2 Transport
220170868,1/17/22,46:31.0,1/17/22,50:31.0,No Merit
220170868,1/17/22,46:31.0,,,No Merit
220170839,1/17/22,39:31.0,1/17/22,55:32.0,Code 2 Transport
220170835,1/17/22,37:41.0,1/17/22,54:15.0,Code 2 Transport
220170826,1/17/22,35:59.0,1/17/22,39:40.0,Unable to Locate
220170820,1/17/22,38:59.0,1/17/22,40:22.0,Unable to Locate
220170814,1/17/22,30:12.0,1/17/22,48:19.0,Cancelled
220170811,1/17/22,29:25.0,1/17/22,33:39.0,Fire
220170811,1/17/22,29:25.0,1/17/22,33:29.0,Fire
220170811,1/17/22,29:25.0,1/17/22,34:15.0,Fire
220170778,1/17/22,15:59.0,1/17/22,27:55.0,Unable to Locate
220170737,1/17/22,03:26.0,1/17/22,16:55.0,Patient Declined Transport
220170721,1/17/22,56:10.0,1/17/22,11:11.0,Code 2 Transport
220170718,1/17/22,55:07.0,1/17/22,19:04.0,Code 2 Transport
220170716,1/17/22,53:48.0,1/17/22,59:20.0,Patient Declined Transport
220170716,1/17/22,53:48.0,1/17/22,01:28.0,Patient Declined Transport
220170716,1/17/22,53:48.0,1/17/22,59:15.0,Patient Declined Transport
220170714,1/17/22,53:18.0,1/17/22,59:51.0,Cancelled
220170714,1/17/22,53:18.0,1/17/22,01:09.0,Cancelled
220170710,1/17/22,51:20.0,1/17/22,01:05.0,Code 2 Transport
220170705,1/17/22,49:01.0,1/17/22,06:02.0,No Merit
220170704,1/17/22,48:01.0,1/17/22,57:35.0,Code 2 Transport
220170704,1/17/22,48:01.0,,,Code 2 Transport
220170684,1/17/22,39:21.0,1/17/22,54:49.0,Code 2 Transport
220170676,1/17/22,44:16.0,1/17/22,47:12.0,Patient Declined Transport
220170676,1/17/22,34:42.0,,,Patient Declined Transport
220170676,1/17/22,34:42.0,1/17/22,41:20.0,Patient Declined Transport
220170670,1/17/22,42:35.0,1/17/22,53:08.0,Patient Declined Transport
220170669,1/17/22,31:24.0,1/17/22,38:55.0,Code 2 Transport
220170669,1/17/22,31:24.0,1/17/22,02:22.0,Code 2 Transport
220170647,1/17/22,23:46.0,1/17/22,27:41.0,Fire
220170635,1/17/22,17:44.0,1/17/22,36:54.0,Code 2 Transport
220170633,1/17/22,17:09.0,1/17/22,20:38.0,Fire
220170633,1/17/22,17:09.0,1/17/22,18:53.0,Fire
220170633,1/17/22,17:09.0,,,Fire
220170632,1/17/22,15:47.0,1/17/22,28:26.0,Code 2 Transport
220170622,1/17/22,13:11.0,1/17/22,16:23.0,No Merit
220170622,1/17/22,13:11.0,1/17/22,18:09.0,No Merit
220170614,1/17/22,10:07.0,1/17/22,14:36.0,Code 2 Transport
220170614,1/17/22,10:07.0,1/17/22,14:29.0,Code 2 Transport
220170603,1/17/22,08:25.0,,,Unable to Locate
220170603,1/17/22,03:28.0,,,Unable to Locate
220170596,1/17/22,01:31.0,1/17/22,07:07.0,Code 2 Transport
220170596,1/17/22,01:31.0,1/17/22,12:00.0,Code 2 Transport
220170588,1/17/22,57:29.0,1/17/22,02:08.0,Fire
220170579,1/17/22,51:34.0,,,Fire
220170579,1/17/22,51:34.0,,,Fire
220170579,1/17/22,51:34.0,1/17/22,53:30.0,Fire
220170579,1/17/22,51:34.0,1/17/22,56:15.0,Fire
220170579,1/17/22,51:34.0,1/17/22,55:33.0,Fire
220170579,1/17/22,51:34.0,1/17/22,56:25.0,Fire
220170579,1/17/22,51:34.0,,,Fire
220170573,1/17/22,49:07.0,1/17/22,55:04.0,Code 2 Transport
220170573,1/17/22,55:38.0,,,Code 2 Transport
220170573,1/17/22,49:07.0,1/17/22,51:54.0,Code 2 Transport
220170531,1/17/22,27:57.0,1/17/22,40:05.0,Code 3 Transport
220170531,1/17/22,29:08.0,1/17/22,32:27.0,Code 3 Transport
220170531,1/17/22,29:08.0,1/17/22,36:48.0,Code 3 Transport
220170525,1/17/22,23:43.0,1/17/22,27:30.0,Unable to Locate
220170525,1/17/22,23:43.0,1/17/22,27:06.0,Unable to Locate
220170512,1/17/22,19:07.0,1/17/22,27:38.0,Code 2 Transport
220170503,1/17/22,14:49.0,1/17/22,20:20.0,Code 2 Transport
220170503,1/17/22,14:49.0,1/17/22,19:21.0,Code 2 Transport
220170486,1/17/22,07:20.0,,,Code 2 Transport
220170484,1/17/22,04:00.0,1/17/22,07:29.0,Cancelled
220170484,1/17/22,04:00.0,,,Cancelled
220170484,1/17/22,04:00.0,,,Cancelled
220170473,1/17/22,58:52.0,,,Cancelled
220170468,1/17/22,02:26.0,1/17/22,11:06.0,Patient Declined Transport
220170468,1/17/22,31:20.0,1/17/22,41:28.0,Patient Declined Transport
220170448,1/17/22,38:06.0,1/17/22,44:52.0,Code 2 Transport
220170448,1/17/22,38:06.0,1/17/22,41:38.0,Code 2 Transport
220170448,1/17/22,39:42.0,,,Code 2 Transport
220170441,1/17/22,57:29.0,1/17/22,09:26.0,Code 2 Transport
220170441,1/17/22,34:39.0,1/17/22,46:58.0,Code 2 Transport
220170440,1/17/22,32:39.0,1/17/22,41:12.0,Code 2 Transport
220170440,1/17/22,32:39.0,,,Code 2 Transport
220170439,1/17/22,31:59.0,,,Code 2 Transport
220170439,1/17/22,33:47.0,1/17/22,36:48.0,Code 2 Transport
220170439,1/17/22,31:20.0,,,Code 2 Transport
220170439,1/17/22,31:20.0,1/17/22,37:46.0,Code 2 Transport
220170428,1/17/22,22:06.0,,,Code 2 Transport
220170428,1/17/22,22:06.0,1/17/22,29:37.0,Code 2 Transport
220170425,1/17/22,20:13.0,1/17/22,39:36.0,Patient Declined Transport
220170423,1/17/22,13:05.0,1/17/22,21:20.0,Code 2 Transport
220170423,1/17/22,17:42.0,1/17/22,34:20.0,Code 2 Transport
220170420,1/17/22,10:34.0,,,Fire
220170420,1/17/22,10:34.0,1/17/22,16:29.0,Fire
220170420,1/17/22,10:34.0,1/17/22,14:49.0,Fire
220170418,1/17/22,09:53.0,,,Cancelled
220170415,1/17/22,05:38.0,1/17/22,36:05.0,Code 2 Transport
220170415,1/17/22,05:38.0,1/17/22,11:42.0,Code 2 Transport
220170415,1/17/22,05:38.0,1/17/22,09:43.0,Code 2 Transport
220170409,1/17/22,59:46.0,1/17/22,02:38.0,Medical Examiner
220170409,1/17/22,58:04.0,1/17/22,02:30.0,Medical Examiner
220170409,1/17/22,58:04.0,,,Medical Examiner
220170404,1/17/22,50:21.0,1/17/22,56:21.0,Fire
220170404,1/17/22,50:21.0,1/17/22,55:33.0,Fire
220170402,1/17/22,49:41.0,1/17/22,53:23.0,Patient Declined Transport
220170392,1/17/22,41:30.0,,,Code 2 Transport
220170392,1/17/22,42:49.0,1/17/22,45:31.0,Code 2 Transport
220170392,1/17/22,41:30.0,,,Code 2 Transport
220170392,1/17/22,53:35.0,,,Code 2 Transport
220170392,1/17/22,11:47.0,1/17/22,18:55.0,Code 2 Transport
220170391,1/17/22,39:08.0,1/17/22,39:08.0,Code 2 Transport
220170390,1/17/22,44:38.0,1/17/22,50:37.0,Patient Declined Transport
220170386,1/17/22,42:37.0,,,No Merit
220170386,1/17/22,57:00.0,1/17/22,08:34.0,No Merit
220170385,1/17/22,37:31.0,1/17/22,42:05.0,Fire
220170375,1/17/22,15:35.0,1/17/22,47:33.0,Code 2 Transport
220170375,1/17/22,30:51.0,1/17/22,43:28.0,Code 2 Transport
220170363,1/17/22,23:57.0,1/17/22,32:44.0,Code 2 Transport
220170363,1/17/22,19:29.0,1/17/22,38:29.0,Code 2 Transport
220170360,1/17/22,22:57.0,1/17/22,26:27.0,Code 2 Transport
220170360,1/17/22,12:46.0,1/17/22,19:44.0,Code 2 Transport
220170356,1/17/22,07:03.0,1/17/22,17:04.0,Fire
220170355,1/17/22,06:41.0,1/17/22,14:21.0,Unable to Locate
220170355,1/17/22,06:41.0,1/17/22,12:37.0,Unable to Locate
220170353,1/17/22,04:57.0,1/17/22,12:47.0,Fire
220170352,1/17/22,04:12.0,1/17/22,10:43.0,Code 3 Transport
220170352,1/17/22,20:03.0,1/17/22,22:26.0,Code 3 Transport
220170348,1/17/22,07:52.0,1/17/22,13:56.0,Code 2 Transport
220170348,1/17/22,00:51.0,1/17/22,11:20.0,Code 2 Transport
220170348,1/17/22,00:51.0,1/17/22,05:47.0,Code 2 Transport
220170342,1/17/22,54:47.0,1/17/22,00:23.0,Code 2 Transport
220170342,1/17/22,33:21.0,1/17/22,48:41.0,Code 2 Transport
220170336,1/17/22,49:28.0,1/17/22,56:04.0,Code 2 Transport
220170336,1/17/22,31:32.0,1/17/22,42:56.0,Code 2 Transport
220170333,1/17/22,35:45.0,1/17/22,48:16.0,Code 2 Transport
220170333,1/17/22,47:39.0,1/17/22,56:13.0,Code 2 Transport
220170331,1/17/22,43:19.0,1/17/22,48:42.0,Code 2 Transport
220170331,1/17/22,53:30.0,1/17/22,00:08.0,Code 2 Transport
220170327,1/17/22,46:50.0,1/17/22,49:58.0,Code 2 Transport
220170327,1/17/22,40:03.0,1/17/22,47:04.0,Code 2 Transport
220170312,1/17/22,30:55.0,1/17/22,37:25.0,Patient Declined Transport
220170312,1/17/22,30:55.0,1/17/22,39:01.0,Patient Declined Transport
220170300,1/17/22,26:51.0,1/17/22,32:08.0,Fire
220170286,1/17/22,09:26.0,1/17/22,19:41.0,Patient Declined Transport
220170286,1/17/22,09:26.0,1/17/22,16:29.0,Patient Declined Transport
220170285,1/17/22,08:41.0,1/17/22,15:57.0,Code 2 Transport
220170285,1/17/22,08:41.0,1/17/22,16:16.0,Code 2 Transport
220170283,1/17/22,07:41.0,1/17/22,13:21.0,Code 2 Transport
220170283,1/17/22,07:41.0,1/17/22,12:30.0,Code 2 Transport
220170276,1/17/22,11:03.0,,,Code 2 Transport
220170276,1/17/22,02:44.0,1/17/22,07:29.0,Code 2 Transport
220170276,1/17/22,15:32.0,1/17/22,17:34.0,Code 2 Transport
220170271,1/17/22,59:23.0,1/17/22,15:30.0,Code 2 Transport
220170270,1/17/22,59:58.0,,,Against Medical Advice
220170270,1/17/22,58:04.0,1/17/22,03:45.0,Against Medical Advice
220170270,1/17/22,58:04.0,1/17/22,04:58.0,Against Medical Advice
220170263,1/17/22,49:54.0,1/17/22,53:45.0,Code 2 Transport
220170253,1/17/22,36:39.0,1/17/22,50:25.0,Code 2 Transport
220170245,1/17/22,24:22.0,1/17/22,33:04.0,Code 2 Transport
220170243,1/17/22,19:52.0,1/17/22,26:23.0,Patient Declined Transport
220170243,1/17/22,19:52.0,,,Patient Declined Transport
220170243,1/17/22,19:52.0,1/17/22,29:03.0,Patient Declined Transport
220170226,1/17/22,05:38.0,1/17/22,10:54.0,Code 2 Transport
220170226,1/17/22,05:38.0,1/17/22,13:19.0,Code 2 Transport
220170225,1/17/22,05:09.0,1/17/22,19:03.0,No Merit
220170189,1/17/22,27:39.0,1/17/22,33:28.0,Fire
220170189,1/17/22,27:39.0,1/17/22,32:21.0,Fire
220170187,1/17/22,26:56.0,1/17/22,34:37.0,Code 2 Transport
220170187,1/17/22,26:56.0,1/17/22,31:40.0,Code 2 Transport
220170177,1/17/22,21:08.0,1/17/22,27:36.0,No Merit
220170177,1/17/22,21:08.0,1/17/22,27:42.0,No Merit
220170174,1/17/22,14:17.0,1/17/22,17:32.0,Unable to Locate
220170174,1/17/22,14:17.0,1/17/22,20:28.0,Unable to Locate
220170163,1/17/22,09:58.0,1/17/22,24:34.0,Code 2 Transport
220170157,1/17/22,06:55.0,1/17/22,10:58.0,Code 2 Transport
220170157,1/17/22,06:55.0,1/17/22,14:00.0,Code 2 Transport
220170143,1/17/22,54:31.0,1/17/22,58:44.0,Fire
220170134,1/17/22,48:31.0,1/17/22,52:41.0,Code 2 Transport
220170134,1/17/22,48:31.0,,,Code 2 Transport
220170134,1/17/22,48:31.0,1/17/22,53:33.0,Code 2 Transport
220170121,1/17/22,33:37.0,1/17/22,38:53.0,Against Medical Advice
220170121,1/17/22,33:37.0,1/17/22,40:50.0,Against Medical Advice
220170061,1/17/22,45:57.0,1/17/22,48:21.0,Patient Declined Transport
220170061,1/17/22,38:31.0,1/17/22,43:16.0,Patient Declined Transport
220170061,1/17/22,38:31.0,1/17/22,41:54.0,Patient Declined Transport
220170061,1/17/22,38:31.0,,,Patient Declined Transport
220170053,1/17/22,34:47.0,1/17/22,38:02.0,Fire
220170053,1/17/22,34:47.0,1/17/22,39:03.0,Fire
220170053,1/17/22,34:47.0,1/17/22,38:50.0,Fire
220170046,1/17/22,33:15.0,1/17/22,47:04.0,Patient Declined Transport
220170045,1/17/22,32:27.0,1/17/22,38:05.0,Code 2 Transport
220170045,1/17/22,32:27.0,1/17/22,46:55.0,Code 2 Transport
220170041,1/17/22,25:03.0,1/17/22,36:42.0,Code 2 Transport
220170041,1/17/22,25:03.0,1/17/22,33:29.0,Code 2 Transport
220170036,1/17/22,20:44.0,1/17/22,20:44.0,Cancelled
220170036,1/17/22,24:36.0,,,Cancelled
220170033,1/17/22,30:37.0,1/17/22,46:31.0,Code 2 Transport
220170031,1/17/22,17:15.0,,,Unable to Locate
220170031,1/17/22,17:15.0,,,Unable to Locate
220170031,1/17/22,17:15.0,,,Unable to Locate
220170020,1/17/22,27:42.0,1/17/22,43:28.0,Patient Declined Transport
220170017,1/17/22,10:26.0,1/17/22,15:41.0,Patient Declined Transport
220170017,1/17/22,10:26.0,1/17/22,15:25.0,Patient Declined Transport
220170012,1/17/22,07:21.0,,,Patient Declined Transport
220170004,1/17/22,03:28.0,1/17/22,08:42.0,Code 2 Transport
220170001,1/17/22,01:40.0,1/17/22,04:23.0,Against Medical Advice